eq_id,mainshock_mag,mainshock_depth,mainshock_lat,mainshock_lon,aftershock_count,mag_mean,mag_std,mag_max,mag_min,mag_median,mag_range,mag_diff_main_max,depth_mean,depth_std,depth_max,dist_mean,dist_std,dist_max,dist_median,spatial_spread,time_span_hours,time_mean_hours,count_24h,count_72h,ratio_24h,mc,b_value,n_mag_ge_4,n_mag_ge_5,n_mag_ge_6
20010126031640,7.6,16.0,23.42,70.23,76,4.532894736842105,0.43358607410352756,5.8,3.7,4.55,2.0999999999999996,1.7999999999999998,10.0,0.0,10.0,26.97289968717691,16.253983650047232,98.52694325024554,23.498829327386886,42.874734377641246,646.9388888888889,177.31286915204677,18,33,0.23684210526315788,4.4,1.0472349209014593,70,9,0
20021103221241,7.8,4.2,63.51,-147.45,820,3.527682926829268,0.5577192203366287,7.9,3.0,3.3,4.9,-0.10000000000000053,5.088414634146342,10.250327772214634,124.5,105.24089727257024,82.59841717695545,319.21887376619753,110.73981673672154,211.31546168823277,715.1652777777778,109.25911965811964,345,493,0.42073170731707316,3.2,0.7436904314214395,167,21,2
20031227160059,7.3,10.0,-22.02,169.77,221,4.797737556561086,0.5515460326627921,7.3,3.7,4.7,3.5999999999999996,0.0,10.794570135746605,6.837100508786815,102.4,48.4349102623566,25.04204990376764,125.94735279911676,44.42323606694855,84.26392345289965,712.1683333333333,134.7552215980025,58,81,0.26244343891402716,4.4,0.7722636102677322,219,59,12
20041226005853,9.0,30.0,3.3,95.98,1427,4.678556412053258,0.48504172022990016,9.1,3.5,4.6,5.6,-0.09999999999999964,32.47855641205325,21.976812712608073,519.1,688.0305309677414,572.2069634643968,3015.3825594574682,574.0227706095242,1212.9313278406546,743.5138888888889,244.26018457468462,306,580,0.21443587946741416,4.4,0.871992652599177,1389,325,25
20070815234057,8.0,39.0,-13.39,-76.6,153,4.648366013071896,0.5681186214121269,8.0,3.7,4.5,4.3,0.0,33.1078431372549,11.090362827046048,87.7,84.2898266601731,66.48706664405047,407.37248995859215,67.27671972723662,136.21184490473908,695.6533333333333,95.21667611489039,63,97,0.4117647058823529,4.4,0.8208986606632137,147,36,4
20080512062804,7.9,14.0,31.0,103.4,492,3.927642276422764,0.5361411070492437,6.4,3.0,3.8,3.4000000000000004,1.5,21.77156177156177,10.478484233256442,50.0,108.02681947076833,93.46974473452465,409.31429145342526,64.16728379440292,245.5264850864497,718.5430555555556,128.98423498193316,182,296,0.3699186991869919,3.3,0.6250520760745514,185,32,5
20100227080123,7.4,35.0,-37.77,-75.05,202,4.713861386138614,0.4464446353909584,7.4,4.0,4.7,3.4000000000000004,0.0,32.65841584158416,6.355706367590951,42.6,120.00875352103606,30.476321923381708,149.83308963212767,129.41410040497,146.55578596424874,617.5586111111111,143.34661335578002,67,105,0.3316831683168317,4.4,0.8827566633416158,202,46,2
20110311054624,9.1,29.0,38.3,142.37,3387,4.672925893120756,0.4503409804155312,9.1,4.0,4.6,5.1,0.0,32.80614112784175,24.24927389429453,501.7,279.27403328674967,431.53983580551755,3004.2234002059295,179.56043187443868,343.23330871334815,743.3705555555556,173.90624680262098,676,1427,0.19958665485680543,4.6,1.084953922826356,3387,630,65
20120411083836,8.6,20.0,2.33,93.06,511,4.609001956947162,0.4594700235490904,8.6,3.7,4.6,4.8999999999999995,0.0,15.162230919765166,14.661730545089588,133.0,285.1484311265543,230.9640648917865,1177.3353491848675,200.07267345024414,698.1121914164844,707.7283333333334,140.95926183678324,187,268,0.3659491193737769,4.4,0.9925164296021308,509,82,4
20130420000246,6.6,13.0,30.3,103.0,134,3.551492537313433,0.6358370995062237,7.0,3.0,3.3,4.0,-0.40000000000000036,15.843283582089553,2.4459972712422395,21.0,11.584132403011262,8.289313709693436,62.580797279202535,9.835878322371553,23.15077190802614,630.9444444444445,85.52659511784513,67,100,0.5,3.1,0.7259467879321206,27,5,1
20150425061125,7.9,8.2,28.23,84.73,248,4.487903225806452,0.5354516848080578,7.8,3.4,4.4,4.4,0.10000000000000053,10.535887096774195,2.591090974640945,35.3,112.35346649768191,46.311191594318736,254.1675457248963,123.06432932481252,159.7048729626408,711.4541666666667,200.69736507936508,88,119,0.3548387096774194,4.0,0.7785130712636065,242,33,6
20190706031953,7.0,8.0,35.77,-117.6,1135,3.439647577092511,0.41993901280603635,7.1,3.0,3.4,4.1,-0.09999999999999964,5.6788546255506605,2.923758445191159,15.8,17.5006294250864,10.386986154423964,91.0327017818555,16.16714794889675,30.270710093276623,712.8225,63.85170997150996,651,742,0.573568281938326,3.2,1.0037028026208488,122,7,2
20201030115127,7.0,21.0,37.9,26.78,26,4.365384615384615,0.3050123675831821,5.3,4.0,4.3,1.2999999999999998,1.7000000000000002,10.180769230769231,1.6654912028424413,16.0,20.103388281886627,9.794896401235663,51.0074680333095,17.34931974285263,29.133713870192707,303.7133333333333,60.929925213675226,12,18,0.46153846153846156,4.2,1.5663079675199232,26,1,0
20210521134834,6.1,8.0,25.67,99.87,46,3.756521739130435,0.7631890112670089,6.4,3.0,3.5,3.4000000000000004,-0.3000000000000007,9.195652173913043,1.6761701327131509,14.0,7.636774409707199,4.528992920432239,16.617117366374767,7.167511662901731,13.450394488288579,344.39666666666665,32.14827160493827,28,31,0.6086956521739131,3.0,0.5384783333571316,17,4,1
20210521180411,7.4,17.0,34.59,98.34,59,3.6779661016949152,0.6470448591082094,5.1,3.0,3.4,2.0999999999999996,2.3000000000000007,9.847457627118644,0.8599085351841235,11.0,50.35477608068384,27.009365174711554,135.67213404723356,55.11665527549563,79.7127882367499,644.9036111111111,80.75870527306967,35,43,0.5932203389830508,3.0,0.596586133464304,18,1,0
20210814122908,7.2,10.0,18.43,-73.48,38,4.415789473684211,0.41200812191117747,5.8,3.8,4.3,2.0,1.4000000000000004,10.673684210526316,1.793949510896399,16.1,26.113324134689165,19.371064033046334,71.74091769481008,19.71991193912703,60.67443573253228,345.63444444444445,53.13894736842104,25,30,0.6578947368421053,4.2,0.9818831764769164,37,4,0
20220905045218,6.6,16.0,29.59,102.08,17,3.3529411764705883,0.42581084872597313,4.5,3.0,3.2,1.5,2.0999999999999996,12.117647058823529,3.1600884749560687,18.0,17.584335165470613,7.686376229339671,25.967839576388876,20.427096955231153,25.170692096264336,710.4188888888889,61.914346405228756,10,15,0.5882352941176471,3.0,1.0778111229715737,2,0,0
20230206011734,7.8,10.0,37.23,37.01,457,4.446608315098468,0.4219296167684268,7.8,3.4,4.4,4.4,0.0,10.698030634573303,3.233037954434876,26.8,103.11606760507384,48.92701593401548,268.6953381147608,99.20687183314422,163.19425505555634,667.5366666666666,95.43235742379547,221,308,0.48358862144420134,4.4,1.2377926265547257,450,38,6
20231202143704,7.6,40.0,8.53,126.42,780,4.615897435897436,0.3874023810784083,7.6,4.0,4.5,3.5999999999999996,0.0,45.625256410256405,24.086797438258362,106.8,55.97065205064894,30.563728071346556,189.30110324460648,48.67812565695962,101.16388956756839,732.2075,103.20218444156593,308,494,0.39487179487179486,4.5,1.2408413768664344,780,113,8
20240122180905,7.1,22.0,41.26,78.63,205,3.5541463414634147,0.5927569962749968,5.7,3.0,3.3,2.7,1.3999999999999995,13.307317073170731,3.7945011718758295,25.0,16.15155636797569,6.4697467012994805,62.17504341212575,15.768393423088016,24.93879793512496,736.9919444444445,104.55398780487805,86,143,0.4195121951219512,3.2,0.6971951548948531,39,8,0
